H?ng xe,Tr?ng l??ng,M? l?c,MÖu xe,N?m s?n xu?t,Dïng xe,Lo?i xe,Tàn xe,Gi† b†n,N?m ??ng k?,Tçnh tr?ng,Dung T°ch,Xu?t x?,S? km ?? ?i,Ch°nh s†ch b?o hÖnh,GiÉ?y t??,??a ch? ng??i b†n
Yamaha,117,15.4,?? ,2018,Exciter,Cìn tay,Yamaha Exciter 2018,16800000,2018,0.7,150,Vi?t Nam,30000,H?ng,Ch°nh ch?,Bçnh D??ng
Honda,110,11.6,Xanh ,2018,Air Blade,Tay ga,Honda Air Blade 2018,26500000,2018,0.6,125,Nh?t B?n,7979,H?ng,Ch°nh ch?,??k L?k
Yamaha,99,8.8,?en,2018,Sirius,Xe s?,Yamaha Sirius 2018,9800000,2018,0.6,115,Vi?t Nam,20000,H?ng,Ch°nh ch?,C?n Th?
Yamaha,99,8.1,Xanh ,2016,Grande,Tay ga,Yamaha Grande 2016,19500000,2016,0.6,125,Vi?t Nam,20000,H?ng,Ch°nh ch?,HÖ N?i
Honda,97,8.8,Tr??ng,2020,Vision,Tay ga,Honda Vision Smarkey 2020,25500000,2020,0.85,110,Vi?t Nam,10000,H?ng,Ch°nh ch?, HÖ N?i
Honda,118,11.2,X†m ,2019,SH,Tay ga,Honda SH mode 2019,39500000,2019,0.7,125,Vi?t Nam,14000,H?ng,Ch°nh ch?,??ng Nai
Honda,111,11.3,Xanh ,2021,Air Blade,Tay ga,Honda Airblade 125 2021,29000000,2021,0.9,124.9,Vi?t Nam,18950,H?ng,Ch°nh ch?,H? Ch° Minh
Honda,117,11.3,?en ,2020,Vario,Tay ga,Honda Vario 125 2020,29500000,2022,0.7,156.9,Vi?t Nam,10000,H?ng,Khìng ch°nh ch?,?Ö N?ng
SYM,99,?,?? ,2022,Galaxy,Xe s?,Galaxy 50cc,14800000,2022,0.9,50,Vi?t Nam,280,H?ng,Ch°nh ch?,BÖ R?a - V?ng TÖu
Piaggio ,125,15,X†m,2012,Vespa ,Tay ga ,Vespa 2012,12000000,2012,0.7,124,Vi?t Nam ,40000,H?t th?i h?n ,Khìng ch°nh ch? ,H?i Phïng 
Yamaha,115,15.4,Va?ng ,2017,Exciter,Cìn tay,Exciter 150 2017,19000000,2017,0.8,175, Vi?t Nam,57000,H?ng,Chi?nh chu?,Bi?nh ?i?nh
Honda,133,12.2,Tr?ng,2021,SHi,Tay ga,Honda SH 125 CBS 2021,57000000,2021,0.99,150,?,25000,H?ng,Chi?nh chu?,Bi?nh D??ng
Kawasaki,126,12.82,?en,2022,W175,Cìn tay,Kawasaki W175 date,69000000,2022,0.9,175,Th†i Lan,1100,H?ng,?,H? Ch° Minh
Honda,133,12.8,?en,2023,SH,Tay ga,Honda SH 150cc ,85000000,2023,0.8,?,Nh?t B?n,5220,H?ng,Ch°nh ch?,C?n Th?
Honda,113,12.9,?en,2021,Air Blade,Tay ga,Honda Air Blade 2021,45000000,2021,0.9,150,Vi?t Nam,12000,H?ng,Ch°nh ch?,CÖ Mau
Honda,110,9,??,2011,Air Blade,Tay ga,Honda Air Blade 2011,11000000,2017,0.6,108,Vi?t Nam,37,H?t th?i h?n,Khìng ch°nh ch?,H? Ch° Minh
Honda,118,11.2,X†m,2019,SH,Tay ga,Honda SH mode 2019,48500000,2019,0.7,125,Nh?t B?n,20000,H?ng,Ch°nh ch?,C?n Th?
Honda,118,11.2,?? ,2019,SH,Tay ga,Honda SH mode Abs 2019,61500000,2019,0.75,125,Vi?t Nam,18000,H?ng,Ch°nh ch?,Ti?n Giang
Yamaha,138,15,?en ,2020,MT,Cìn tay,Yamaha MT-15,54000000,2020,0.7,155, Vi?t Nam,6000,H?ng,Chi?nh chu?,H? Ch° Minh
Yamaha,115,15,Xanh ,2017,Exciter,Cìn tay,Yamaha Exciter 2017,22800000,2017,0.8,150,Nh?t B?n,12345,H?ng,Ch°nh ch?,BÖ R?a - V?ng TÖu
Honda,123,15.4,?en,2021,Winner ,Cìn tay,Winner X 2021,30000000,2022,0.9,150, Vi?t Nam,17000,H?ng,Chi?nh chu?,Bi?nh ThuÉ?n
Honda,113,11.3,?en,2019,Air Blade,Tay ga,Honda Air Blade 2019,25900000,2019,0.6,125,Vi?t Nam,39000,H?ng,Ch°nh ch?,Bçnh D??ng
Suzuki,109,18.2,?en,2022,Raider,Cìn tay,Yamaha Exciter 2022,35000000,2022,0.9,150,Nh?t B?n,2500,H?ng,Ch°nh ch?,C?n Th?
Yamaha,100,8.9,?en ,2022, Jupiter,Xe s?,Yamaha Jupyter 115 FI,16800000,2022,0.74,113.7,?,12580,H?ng,Chi?nh chu?,HÖ N?i
Yamaha,99,8.2,Tr??ng,2015,Grande,Tay ga,Yamaha Grande 2015,23000000,2015,0.7,124,Vi?t Nam,20000,H?t th?i h?n,Ch°nh ch?,?Ö N?ng
Yamaha,96,8.3,?en,2015,Sirius,Xe s?,Yamaha Sirius RC 2015,10500000,2015,0.5,113,Nh?t B?n,5,H?t th?i h?n,Khìng chi?nh chu?,H? Ch° Minh
Honda,122,16.5,Tr?ng ,2022,Winner ,Cìn tay,Honda Winner V3,29999000,2022,0.8,149.1,Nh?t B?n,7500,H?ng,Ch°nh ch?,H? Ch° Minh
Honda,104,9.3,Xanh ,2021,Future,Xe s?, Honda Future 125cc,20500000,2021,0.8,125,Nh?t B?n,15000,H?ng,Chi?nh chu?,?ì?ng Th†p
Yamaha,103,7.45,?en ,2012,Jupiter,Xe s?,Yamaha Jupiter RC 2012,11000000,2012,0.45,113.7,Nh?t B?n,5,H?t th?i h?n,Khìng ch°nh ch?,H? Ch° Minh
Yamaha,115,15,?? ,2017,Exciter,Cìn tay,Yamaha Exciter 2017,20000000,2017,0.8,150,Nh?t B?n,34000,H?ng,Ch°nh ch?,B?nh Ph??c
Yamaha,96,8.8,??,2020,Sirius,Xe s?,Yamaha Sirius 2020,16000000,2020,0.7,115,Vi?t Nam,12345,H?ng,Ch°nh ch?,BÖ R?a - V?ng TÖu
Piaggio ,120,10.6,X†m ,2016,Sprint ,Tay ga ,Piaggio Vespa Sprint ABS 125cc 2016 ,36000000,2016,0.8,125,Vi?t Nam ,16000,H?t th?i h?n ,Khìng ch°nh ch? ,HÖ N?i 
Yamaha,97,7.6,Tr?ng ,2016,Exciter,Cìn tay,Yamaha Exciter 150,18000000,2016,?,110,Vi?t Nam,40000,?,Chi?nh chu?,H? Ch° Minh
Honda,113,8.45,?en ,2021,Lead,Tay ga,Honda Lead 125cc,22500000,2021,0.6,125,Vi?t Nam,2000,H?ng,Ch°nh ch?,HÖ N?i
Honda,113,11.26,?en ,2019,Air Blade,Tay ga,Honda Air Blade 2019,28500000,2019,0.92,125,?,21000,H?ng,?,?a? N??ng
Yamaha,97,9.4,??,2018,Janus,Tay ga,Yamaha Janus 2018,14800000,2018,0.6,125,Nh?t B?n,25000,H?ng,Ch°nh ch?,Ti?n Giang
Honda,113,10.6,Tr?ng ,2019,Lead,Tay ga,Honda Lead 2019,26000000,2019,0.75,125,Nh?t B?n,9000,H?ng,Ch°nh ch?,?Ö N?ng
Yamaha,117,15.2,Tr?ng ,2019,Exciter,Cìn tay,Yamaha Exciter 2019,22500000,2020,0.7,150,Vi?t Nam,20000,H?ng,Ch°nh ch?,C?n Th?
Honda,116,11,?? ,2020,SH,Tay ga,Honda SH mode 2020,48000000,2020,0.8,125,Nh?t B?n,11000,H?ng,Ch°nh ch?,Kh†nh HoÖ
Yamaha,111,12.5,Tr?ng ,2014,Exciter,Cìn tay,Yamaha Exciter 2014,35000000,2014,0.7,135,Vi?t Nam,4083,H?ng,Ch°nh ch?,B?n Tre
Honda,113,11.2,??ng,2012,Air Blade,Tay ga,Honda Air Blade 2012 Fi,11500000,2012,0.6,125,Vi?t Nam,8888,H?t th?i h?n,Ch°nh ch?,Nam ??nh
Honda,124,15.4,?en ,2019,Winner X,Cìn tay,Honda winnerX ,17500000,2019,0.6,150,Vi?t Nam,20000,H?ng,Ch°nh ch?,H? Ch° Minh
Honda ,113,11.3,?en ,2014,Air Blade ,Tay ga ,Honda Air Blade 2014,10500000,2014,0.6,125,Vi?t Nam ,6000,H?t th?i h?n ,Ch°nh ch? ,HÖ N?i 
Suzuki,109,18.2,?en,2020,Raider,Cìn tay,Yamaha Raider 2020,29000000,2020,0.9,175,Nh?t B?n,14,H?ng,Ch°nh ch?,?Ö N?ng
Yamaha ,98,8.5,?en ,2021,Sirius ,Xe s? ,Yamaha Sirius 110 2021,16500000,2021,0.8,113.7,Vi?t Nam ,7000,H?ng ,Khìng ch°nh ch? ,C?n Th? 
Honda,112,13.1,?en ,2020,Vario, Tay ga,Honda Vario,37500000,2020,0.6,149.3,Singapore,10000,H?ng,?,H? Ch° Minh
Honda,119,14.6,?en ,2017,Winner,Cìn tay,Honda Winner V1,20000000,2017,0.55,149.16,Nh?t B?n,33418,H?ng,Chi?nh chu?, HÖ N?i
Honda,169,25.2,Tr??ng,2017,SHi,Tay ga,Honda SH 300i 2017,159000000,2017,0.75,279,?,15,H?ng,Ch°nh ch?,H? Ch° Minh
Honda,90.7,7.19,??,2011,Wave,Xe s?, Honda Wave s100,6700000,2011,0.5,110,Vi?t Nam,15120,H?t th?i h?n,Chi?nh chu?,HÖ N?i
Honda ,110,11,Tr?ng ,2017,Air Blade ,Tay ga ,Honda Air Blade 125 2017,16000000,2017,0.6,124.9,Nh?t B?n ,55000,H?t th?i h?n ,Khìng ch°nh ch? ,Ti?n Giang 
Honda,107,7.11,Tr??ng,2022,Future,Xe s?,Honda future 2022,29000000,2022,0.75,124.9,Vi?t Nam,6459,H?ng,Ch°nh ch?,H? Ch° Minh
Yamaha,115,15,?en ,2017,Exciter,Cìn tay,Yamaha Exciter 2017,15500000,2017,0.6,150,Nh?t B?n,40000,H?ng,Ch°nh ch?,Ninh Thu?n
Piaggio,?,?,?en ,2016,Vespa,Tay ga,Vespa Prima up sprint 3Vie,25600000,2016,0.6,125,?Öi Loan,20000,H?ng,Ch°nh ch?,HÖ N?i
Piaggio,120,11,Tr?ng,2016,Vespa,Tay ga,Piaggio Vespa Sprint 125 3vie 2016,37000000,2016,0.9,175, Vi?t Nam,18000,H?ng,Chi?nh chu?, HÖ N?i
Honda,114,15.8,Tr?ng ,2020,Sonic,Cìn tay,Honda Sonic 2020,39500000,2020,0.85,150,Nh?t B?n,?,H?ng,Ch°nh ch?,LÉm ?ïng
Honda ,98,10.1,?? ,2006,Wave ,Xe s? ,Honda Wave Alpha 2006,3800000,2006,0.4,97,HÖn Qu?c ,123,H?t th?i h?n ,Ch°nh ch? ,H? Ch° Minh 
Honda,104,9.15,Xanh ,2020,Future,Xe s?,Future 125cc,21800000,2021,0.8,125,?,18000,H?ng,Chi?nh chu?,?ì?ng Nai
Honda,114,15.8,Tr?ng,2019,Sonic,Cìn tay,Honda Sonic 2019,27900000,2019,0.6,150,Nh?t B?n,20000,H?ng,Ch°nh ch?,H? Ch° Minh
Piaggio,114,10.2,Xanh ,2012,Vespa,Tay ga,Piaggio Vespa ie 2012,10500000,2012,0.4,124.5,?,19000,H?t th?i h?n,Khìng chi?nh chu?,H? Ch° Minh
GPX,155,17.2,?en ,2020,Demon 150GR,Cìn tay, GPX Demon NEW GR200R,44800000,2020,0.9,198,Th†i Lan,12000,H?ng,Khìng ch°nh ch?,H? Ch° Minh
Honda,111,11.1,Tr?ng,2022,Vario,Tay ga,Honda Vario 125 2022,28000000,2022,0.95,125,?,5,H?ng,Ch°nh ch?, H? Ch° Minh
Honda,112,12.4,Xanh,2021,Vario,Tay ga,Honda Vario 2021,31000000,2021,0.8,150,Nh?t B?n,15000,H?ng,Ch°nh ch?,Ti?n Giang
Honda,99,8.89,Tr?ng,2021,Vision,Tay ga,Honda Vision 2021,26000000,2021,0.9,110,Nh?t B?n,2700,H?ng,Ch°nh ch?,Thanh Ho†
Yamaha,98,8.8,Tr?ng,2014,Sirius,Xe s?,Yamaha Sirius 110,9700000,2014,0.6,110.3,?,22000,H?ng,Khìng chi?nh chu?,Hì? Chi? Minh
Yamaha,97,9.5,Tr?ng ,2017,Janus,Tay ga,Yamaha Janus 2017,17500000,2017,0.7,125,Nh?t B?n,123,H?ng,Ch°nh ch?,?Ö N?ng
Piaggio,160,12,X†m,2017,GTS,Tay ga,Vespa GTS Super 300 2017,68000000,2017,0.8,278,?,10000,H?t th?i h?n ,Khìng ch°nh ch?,H? Ch° Minh
Honda,113,11,?en ,2021,Lead,Tay ga,Honda Lead 125 Fi,22500000,2022,0.8,124.8,?,10000,H?ng,Chi?nh chu?,HÖ N?i
Honda,113,12.9,Xanh ,2021,Air Blade,Tay ga,Honda Air Blade 150 Abs 2021,40000000,2021,0.9,150,Vi?t Nam,10000,H?ng,?,C?n Th?
Yamaha,113,9.1,Tr?ng ,2011,Exciter,Cìn tay,Yamaha Exciter 2011,11500000,2011,0.45,135,Nh?t B?n,55256,H?t th?i h?n,Khìng ch°nh ch?,B?n Tre
Suzuki,109,18.4,?en ,2020,Satria,Cìn tay,Suzuki Satria 2020,21000000,2020,0.8,147.3,?,20000,H?ng,Khìng ch°nh ch?,H? Ch° Minh
Yamaha,117,15.2,?en,2019,Exciter,Cìn tay,Yamaha Exciter 2019,26000000,2019,0.5,150,Vi?t Nam,200000,H?ng,Ch°nh ch?,Th†i Bçnh
Honda,122,15.4,?en,2022,Winner ,Cìn tay,Honda Winner X V3,28800000,2022,0.95,150,?,4000,H?ng,Ch°nh ch?,HÖ N?i
Yamaha,97,9.5,?? ,2020,Janus,Tay ga,Yamaha Janus 2020,17500000,2020,0.8,125,Nh?t B?n,12345,H?ng,Ch°nh ch?,BÖ R?a - V?ng TÖu
Honda,114,15.8,Tr?ng,2019,Sonic,Cìn tay,Honda Sonic 2019,29000000,2019,0.7,150,Nh?t B?n,30000,H?ng,Ch°nh ch?,Bçnh Thu?n
Honda,113,10.1,?en ,2014,Air Blade,Tay ga,Honda Air Blade Fi 2014,23500000,2014,0.56,124.9,Vi?t Nam,10000,H?t th?i h?n,Khìng ch°nh ch?,H? Ch° Minh
Honda ,140,14.5,X†m ,2018,SH,Tay ga ,Honda SH150i ABS ,70999999,2018,0.8,150,Vi?t Nam ,6000,H?t th?i h?n ,Ch°nh ch? ,H?i Phïng 
Honda,118,11.2,Xanh ,2016,SH ,Tay ga,SH Mode B?n Sport 2016,29800000,2016,0.85,125,?,9000,H?ng,Chi?nh chu?, HÖ N?i
Suzuki,110,13.8,Xanh ,2022,Satria,Cìn tay, Suzuki Satria F150 2022,39600000,2022,0.9,147.3,Vi?t Nam,1300,H?ng,Ch°nh ch?, HÖ N?i
Yamaha,111,12.5,?en ,2017,Exciter,Xe s?,Yamaha Exciter 2017 ,18000000,2017,0.7,149.7,Nh?t B?n,5,H?t th?i h?n,Ch°nh ch?,H? Ch° Minh
Honda,98,8.2,Xanh,2020,Wave A,Xe s?,Honda Wave A 2020,15500000,2020,0.85,110,Nh?t B?n,12345,H?ng,Ch°nh ch?,BÖ R?a - V?ng TÖu
Honda,118,11.21,Xanh,2019,SH,Tay ga,Honda SH Mode 2019,43500000,2019,0.8,125,Vi?t Nam,9000,H?ng,Ch°nh ch?, HÖ N?i
Honda,98,8.6,Tr?ng,2019,Wave A,Xe s?,Honda Wave A 2019,12000000,2019,0.9,110,Nh?t B?n,10,H?ng,Ch°nh ch?,Bçnh Thu?n
Suzuki,109,18.2,X†m,2018,Satria,Cìn tay,Satria F 150 2018,26500000,2018,0.85,147.3,?,10,H?t th?i h?n,Ch°nh ch?,H? Ch° Minh
Honda ,97,8.1,?en ,2009,Wave ,Xe s? ,Honda Wave 110,5700000,2009,0.4,110,HÖn Qu?c ,21221,H?t th?i h?n ,Khìng ch°nh ch? ,H? Ch° Minh 
Honda,104,9.15,?o?,2022,Future,Xe s?,Future Led 2022,14009000,2022,0.95,125, Vi?t Nam,16000,H?ng,Khìng chi?nh chu?,Tià?n Giang
Yamaha,118,14.75,?en,2017,NVX,Tay ga,Yamaha NVX 155 2017,23800000,2017,0.7,155,Vi?t Nam,10,H?t th?i h?n ,Ch°nh ch?,H? Ch° Minh
Suzuki,109,18.4,VÖng ,2022,Satria,Cìn Tay,Suzuki Satria F150,39500000,2022,0.95,150,Nh?t B?n,600,H?ng,Ch°nh ch?,C?n Th?
Honda,109,6.87,Xanh ,2022,Cub ,Xe s?,Honda Super Cub C125,96800000,2022,0.9,"123,94",Th†i Lan,500,H?ng,Ch°nh ch?,HÖ N?i
Piaggio,116,11.7,Ghi ,2013,Liberty,Tay ga,Liberty S 125 3Vie,15000000,2013,0.8,125,Vi?t Nam,18000,H?t th?i h?n,Ch°nh ch?, HÖ N?i
Honda,118,9.2,Tr?ng,2010, SH,Tay ga,Honda SH Vi?t Nam,89000000,2010,0.5,125,Vi?t Nam,1,H?t th?i h?n,Khìng ch°nh ch?,H? Ch° Minh
Honda ,100,7,?? ,1999,Wave ,Xe s? ,Honda Wave 100,23500000,1999,0.4,100,Th†i Lan ,35000,H?t th?i h?n ,Khìng ch°nh ch? ,H? Ch° Minh 
Honda,134,16.6,?en,2020,SHi,Tay ga,Honda SH 150 ABS 2020,82000000,2020,0.98,175, Vi?t Nam,15000,H?ng,Chi?nh chu?, HÖ N?i
Honda,172,21.5,?en ,2022, SH ,Tay ga,Honda SH 350i,115000000,2023,0.9,"329,6",Th†i Lan,4000,H?ng,Ch°nh ch?,?Ö N?ng
Honda,97,8.2,Tr?ng,2022,Wave ,Xe s?,Honda Wave A 2022,15500000,2022,0.95,110,Nh?t B?n,1,H?ng,Ch°nh ch?,??ng Nai
Honda,116,11.2,Xanh ,2015,SH Mode,Tay ga,Honda SH Mode 2015 ,29800000,2015,0.6,125,Vi?t Nam,33000,H?t th?i h?n,Khìng ch°nh ch?,H? Ch° Minh
Piaggio,95,9.6,Xanh ,2015,Vespa,Tay ga,Piaggio Vespa LXV,24500000,2015,0.7,125,?,30000,H?ng,Khìng chi?nh chu?,Hì? Chi? Minh
Suzuki,135,8.9,Xanh ,2019,GSX,Cìn tay, Suzuki GSX R150,33500000,2019,0.7,154.9, Vi?t Nam,12000,H?t th?i h?n,Chi?nh chu?, HÖ N?i
Honda,112,12.4,X†m ,2019,Vario,Tay ga,Honda Vario 2019,39900000,2019,0.9,150,Nh?t B?n,?,H?ng,Ch°nh ch?,LÉm ?ïng
Honda,112,12.4,Tr?ng,2019,Vario,Tay ga,Honda Vario 2019,29900000,2019,0.7,150,Nh?t B?n,25000,H?ng,Ch°nh ch?,Ti?n Giang
Honda ,98,8.3,Tr?ng ,2019,Blade,Xe s? ,Honda Blade 2019,14500000,2019,0.6,100,Vi?t Nam ,23232,H?t th?i h?n ,Khìng ch°nh ch? ,H? Ch° Minh 
Honda ,116,11.2,?? ,2019,SH Mode ,Tay ga ,Honda SH Mode 2019,42500000,2020,0.7,125,Vi?t Nam ,9666,H?t th?i h?n ,Khìng ch°nh ch? ,H? Ch° Minh 
Yamaha,104,9.9,?? ,2015,Jupiter,Xe s?,Yamaha jupiter rc Fi 2015,13500000,2015,0.6,114,Nh?t B?n,12,H?ng,Ch°nh ch?,?Ö N?ng
Honda,123,16.1,?en,2020,Winner ,Cìn tay,Honda Winner X 2020,23500000,2020,0.75,150,Nh?t B?n,34567,H?ng,Ch°nh ch?,??ng Nai
Honda,106,9.15,Tr?ng,2022,Future,Xe s?,Honda Future 2022,31000000,2022,0.9,125,Nh?t B?n,5200,H?ng,Ch°nh ch?,C?n Th?
Suzuki,109,18.23,Tr?ng ,2019,Satria,Cìn Tay,Suzuki Satria F150 2019,23500000,2019,0.9,150,Nh?t B?n,3,H?ng,Ch°nh ch?,Bçnh D??ng
Honda,118,11.2,??,2018,SH Mode,Tay ga,SH Mode 2018,36800000,2018,0.7,125,Vi?t Nam,10,H?t th?i h?n ,Ch°nh ch?,H? Ch° Minh
Honda,96,?,X†m ,2016,Vision,Tay ga,Honda Vision ,20000000,2016,0.85,175,Vi?t Nam,3685,H?ng,Chi?nh chu?,?a? N??ng
Suzuki,109,18.23,?en,2019,Satria,Cìn Tay,Suzuki Satria F150 2019,22500000,2019,0.7,150,Nh?t B?n,25000,H?ng,Ch°nh ch?,Ti?n Giang
Honda,104,9.3,?en,2021,Future,Xe s?,Future 125cc,28500000,2021,0.8,125,Nh?t B?n,10000,H?ng,Chi?nh chu?,V?nh Long
Yamaha,117,12.5,Xanh ,2016,Exciter,Cìn tay,Yamaha Exciter 150,17500000,2016,0.5,149.7,Vi?t Nam,12000,H?t th?i h?n,Khìng chi?nh chu?,H? Ch° Minh
Honda ,122,15.4,Xanh ,2022,Winner X,Cìn tay,Honda Winner X,24800000,2022,0.9,149.1,Vi?t Nam ,8000,H?ng ,Ch°nh ch? ,H? Ch° Minh 
Honda,110,9,?en ,2011,Air Blade,Tay ga,Air Blade fi 2011,11500000,2011,?,108,?,9999,H?ng,Chi?nh chu?,An Giang
Honda,117,?,Xanh ,2014,SH,Tay ga, Honda SH mode,34000000,2014,0.5,?,Vi?t Nam,8000,H?ng,Ch°nh ch?,H? Ch° Minh
Honda,134,10.9,Tr?ng,2023, SH,Tay ga,Honda SH 125 ABS 2023,84000000,2023,0.95,125,Vi?t Nam,80,H?ng,Khìng ch°nh ch?,HÖ N?i
Honda,97,8.2,Xanh ,2010,Wave A,Xe s?,Honda Wave Alpha 110,5300000,2010,0.4,110,Nh?t B?n,25000,H?t th?i h?n,?,H? Ch° Minh
Yamaha,115,15,Tr?ng ,2017,Exciter,Cìn tay,Yamaha Exciter 2017,18500000,2017,0.9,150,Nh?t B?n,1,H?ng,Ch°nh ch?,??ng Nai
Yamaha,96,8.8,?? ,2020,Sirius,Xe s?,Yamaha Sirius 2020,14800000,2020,0.6,115,Vi?t Nam,30000,H?ng,Ch°nh ch?,Bçnh D??ng
Honda,135,12.4,??,2021, SH ,Tay ga,Honda sh 150i ABS 2021,82000000,2021,0.85,"156,9",Nh?t B?n,5,H?ng,Ch°nh ch?,H? Ch° Minh
Honda,110,11.7,?en ,2023,Air Blade,Tay ga,Honda Air Blade,38500000,2023,0.9,124.9,Vi?t Nam,3000,H?ng,Khìng ch°nh ch?,?Ö N?ng
Kawasaki,168,38,?en ,2017,?,Cìn tay,Kawasaki Z300 ABS ,120000000,2017,0.65,300,Nh?t B?n,24999,H?t th?i h?n,Chi?nh chu?,H? Ch° Minh
Honda,105,8,Kem,2010,Lead,Tay ga,Lead 110 Fi,8500000,2010,0.5,107,Vi?t Nam,12345,H?t th?i h?n,Ch°nh ch?,?ì?ng Th†p
Yamaha,98,8.7,Tr?ng,2019,Sirius,Xe s?,Yamaha Sirius Rc 2019,11500000,2019,0.85,115,?,27000,H?ng,Chi?nh chu?,Hì? Chi? Minh
Yamaha,118,14.2,?en ,2021,Exciter,Cìn tay,Yamaha Exciter 155,34800000,2021,0.7,155,Nh?t B?n,333,H?ng,Ch°nh ch?,HÖ N?i
Honda,107,7.11,?en ,2022,Future,Xe s?,Honda future 2022,27000000,2022,0.7,124.9,Vi?t Nam,15000,H?ng,Khìng ch°nh ch?,H? Ch° Minh
Honda,118,11.2,X†m,2017,SH,Tay ga,Honda SH mode 2017,40500000,2017,0.7,125,Vi?t Nam,25000,H?ng,Ch°nh ch?,C?n Th?
Piaggio,130,11.6,?en,2013,Vespa,Tay ga,Vespa125LX,8500000,2013,0.7,125,My?,9999,H?ng,Chi?nh chu?,Bi?nh ?i?nh
Honda ,98,8.2,Cam ,2016,Wave ,Xe s? ,Honda Wave Alpha 2016,14800000,2016,0.7,100,Vi?t Nam ,10000,H?t th?i h?n ,Khìng ch°nh ch? ,HÖ N?i 
Honda,99,8.78,Tr?ng,2022,Wave,Xe s?,Honda Wave RSX 2022,1700000,2022,8,110,Vi?t Nam,22000,H?ng,Ch°nh ch?,??ng Nai
Honda,122,15.4,X†m,2022,Winner X,Cìn tay,Honda Winner X 2022,24000000,2022,0.8,175,Nh?t B?n,10000,H?ng,Ch°nh ch?,Bçnh Thu?n
Honda,113,12.8,?en,2022,Air Blade,Tay ga,Honda Air Blade 2022,36800000,2022,0.8,125,Vi?t Nam,10000,H?ng,Ch°nh ch?,B?n Tre
Yamaha,117,15.2,Tr?ng ,2019,Exciter,Cìn tay,Yamaha Exciter 2019,18000000,2019,0.7,150,Vi?t Nam,10000,H?ng,Ch°nh ch?,Bçnh D??ng
Yamaha,104,7.4,?? ,2017,Jupiter,Xe s?,Yamaha Jupiter fi 2017,14500000,2017,0.6,115,Vi?t Nam,27000,H?t th?i h?n,Ch°nh ch?,H? Ch° Minh
SYM,113,7.5,Tr?ng,2009,Elizabeth,Tay ga,Attila Elizabeth 2009,3500000,2009,0.4,124.6,?Öi Loan,30000,H?t th?i h?n,Khìng ch°nh ch?,H? Ch° Minh
Honda,104,9.15,Tr?ng,2020,Future,Xe s?,Future led 2020,24000000,2020,0.95,125,Vi?t Nam,20000,H?ng,Ch°nh ch?,H? Ch° Minh
Honda,116,15.4,Tr?ng,2017,Winner,Cìn tay,Honda winner 2016,23500000,2017,0.65,149.1,Vi?t Nam,1,H?t th?i h?n,Khìng ch°nh ch?,H? Ch° Minh
Honda,113,12.9,??,2022,Air Blade,Tay ga,Honda Air Blade 2022,40000000,2022,0.9,125,Nh?t B?n,14000,H?ng,Ch°nh ch?,V?nh Long
Honda,118,25.2,?en,2022,SHi, Tay ga,SH 300i ,128000000,2022,"0,9",300,Th†i Lan,4999,Ha?ng,Chi?nh chu?, H? Ch° Minh
Honda,118,11.2,Tr?ng ,2019,SH,Tay ga,Honda Sh mode 2019,45000000,2019,0.75,125,Vi?t Nam,7000,H?ng,Ch°nh ch?,?Ö N?ng
Honda,122,15.4,?en ,2016,Winner,Cìn tay,Honda Winner V1,15000000,2016,0.7,149.1,Vi?t Nam,15000,H?t th?i h?n,Ch°nh ch?,H? Ch° Minh
Honda,99,6.8,Tr?ng,2015,Wave,Xe s?,Honda Wave S 110 ,6500000,2015,0.5,110,Nh?t B?n,46982,H?t th?i h?n,Khìng ch°nh ch?,H? Ch° Minh
Yamaha,134,19.3,?en,2022,Naked bike,Cìn tay,Yamaha XSR 155,70000000,2022,0.8,149.8,Nh?t B?n,7000,H?ng,Ch°nh ch?, HÖ N?i
Honda,133,16.2,Tr?ng,2022,SH,Tay ga,Honda SH 150i 2022,75000000,2022,0.9,156.9,Vi?t Nam ,19000,H?ng ,Khìng ch°nh ch? ,H? Ch° Minh 
Honda,99,8,?en ,2015,Wave,Xe s?,Wave RSX FI 110,9000000,2015,0.5,109.2,Vi?t Nam,26000,H?t th?i h?n,Ch°nh ch?,H? Ch° Minh
Honda,110,11.7,?en ,2019,Air Blade,Tay ga,Honda Air Blade 125,22500000,2019,0.6,125,Vi?t Nam,2300,H?ng,Ch°nh ch?,HÖ N?i
Yamaha,99,6.4,?en ,2022,Sirius,Xe s?,Yamaha Sirius 2022,12200000,2022,0.8,115,Vi?t Nam,18000,H?ng,Ch°nh ch?,Long An
Honda,113,11.26,?en,2021,Air Blade,Tay ga,Honda Airblade 125,39000000,2021,0.9,125,Vi?t Nam,4101,H?ng,Ch°nh ch?,HÖ N?i
Honda,97,8.2,Tr?ng,2022,Wave ,Xe s?,Honda Wave A 2022,14900000,2022,0.95,110,Nh?t B?n,4600,H?ng,Ch°nh ch?,??ng Nai
Honda,96,8.1,?en ,2017,Wave,Xe s?,Honda Wave Alpha 110cc,9800000,2017,0.7,"109,2",Nh?t B?n,20000,H?t th?i h?n,Khìng ch°nh ch?,H? Ch° Minh
Honda,99,8.89,?en ,2016,Vision,Tay ga,Honda Vision 2016,22500000,2016,0.6,110,Nh?t B?n,14000,H?ng,Ch°nh ch?,?Ö N?ng
Honda,117,"11,3",Xanh ,2023,Vario,Cìn tay,Honda VARIO 160,44500000,2023,0.9,"156,9",Nh?t B?n,8000,H?ng,Ch°nh ch?,HÖ N?i
Yamaha,117,15.2,Xanh ,2019,Exciter,Cìn tay,Yamaha Exciter 2019,23500000,2019,0.9,150,Vi?t Nam,1,H?ng,Ch°nh ch?,?ïng Nai
Honda,98,7.6,Xanh,2015,Wave,Xe s?,Honda Wave Alpha 2015,9700000,2015,0.5,109.1,?,1000,H?t th?i h?n,Khìng ch°nh ch?,H? Ch° Minh
Honda ,113,11,Tr?ng ,2022,Lead ,Tay ga ,Honda Lead 2022,32800000,2022,0.9,125,Vi?t Nam ,2000,H?ng,Ch°nh ch? ,H? Ch° Minh 
Yamaha,117,15,Xanh ,2019,NVX,Tay ga,Yamaha NVX 125 ,21500000,2019,0.7,155,Nh?t B?n,?,H?ng,Ch°nh ch?,H? Ch° Minh
SYM,?,?,?en ,2017,Galaxy,Xe s?,Sym GALAXY SPORT Cìn tay 2017,12000000,2017,0.5,115,Vi?t Nam,17000,H?t th?i h?n,Khìng ch°nh ch?,C?n Th?
Honda,99,8.6,?en ,2020,Wave,Xe s?,Honda Wave RSX,12500000,2020,0.7,110,Nh?t B?n,20000,H?ng,Ch°nh ch?,H? Ch° Minh
Yamaha,135,16,X†m ,2022,TFX,Cìn tay,TFX 150,23800000,2022,0.7,149.7, Vi?t Nam,2260,H?ng,Chi?nh chu?,HÖ N?i
Honda,114,15.8,Tr??ng,2017,Sonic,Cìn tay,Sonic 150,23500000,2019,0.9,175,NhÉ?t Ba?n,29000,H?ng,Chi?nh chu?,Bi?nh D??ng
Honda,105,9.5,?en,2019,Future,Xe s?,Honda Future 2019,21000000,2019,0.7,125,Vi?t Nam,20000,H?ng,Ch°nh ch?,?Ö N?ng
Honda,104,9,?en,2007,Future,Xe s?,Honda Future 2007,20500000,2007,0.9,125,?,5,H?t th?i h?n,Chi?nh chu?,Hì? Chi? Minh
Honda,113,8.7,?en,2016,Air Blade,Tay ga,Honda Air Blade 2016,24500000,2016,0.7,124.8,Nh?t B?n,17000,H?t th?i h?n,Ch°nh ch?,H? Ch° Minh
Honda,99,8.8,?? ,2022,Vision,Tay ga,Honda Vision 2022,28000000,2022,0.9,110,Nh?t B?n,3000,H?ng,Ch°nh ch?,??ng Th†p
Honda,96,7.8,?en ,2021, SH ,Tay ga,Honda Vision 2021,31000000,2022,0.7,110,Nh?t B?n,5,H?ng,Ch°nh ch?,H? Ch° Minh
Honda,115,9,?o?,2008,SCR,Tay ga,Honda SCR 2008,12000000,2008,0.7,108,?,10000,H?t th?i h?n,Chi?nh chu?,Ca? Mau
Yamaha,99,9.5,Xanh ,2022,Janus,Tay ga,Yamaha Janus 2022,31500000,2022,0.95,125,Nh?t B?n,1100,H?ng,Ch°nh ch?,C?n Th?
Honda,111,11.1,Tr?ng,2023,Vario,Tay ga,VARIO 125 SMK,43500000,2023,1,125,?,10,H?ng,Ch°nh ch?,Bà?n Tre
Honda,133,9.6,Tr?ng,2023, SH ,Tay ga,Honda SH 125i,62800000,2023,0.9,"124,8",Nh?t B?n,10000,H?ng,Ch°nh ch?,?Ö N?ng
Yamaha,116,15.4,Tr?ng ,2022,NVX,Tay ga,Yamaha NVX 155,22500000,2022,0.7,155,Nh?t B?n,2100,H?ng,Ch°nh ch?,HÖ N?i
Honda ,140,12.2,?? ,2017,SH,Tay ga,SH 125i CBS,58000000,2017,0.6,125,Vi?t Nam ,11111,H?t th?i h?n ,Ch°nh ch? ,HÖ N?i 
Honda,110,11.6,??,2018,Air Blade,Tay ga,Honda Air Blade 2018,25500000,2018,0.6,125,Nh?t B?n,30000,H?ng,Ch°nh ch?,C?n Th?
Yamaha,111,?,Tr?ng ,2014,Exciter,Cìn tay,Yamaha Exciter 135 2014,12500000,2014,0.5,134.99,Vi?t Nam,?,H?t th?i h?n,Ch°nh ch?,H? Ch° Minh
 Honda,85,?,Tr?ng ,1987,Cub ,Xe s?,Honda cub 84-50cc,13000000,1987,0.3,50,Nh?t B?n,22868,H?t th?i h?n,Ch°nh ch?,H? Ch° Minh
Honda,110,?,NÉu ,2011,Air Blade,Tay ga,Honda Airblade 2011,42500000,2011,0.6,110,Th†i Lan,8000,H?t th?i h?n,Ch°nh ch?,HÖ N?i
Honda ,99,8.4,?en ,2016,Wave ,Xe s?,Honda Wave RSX 2016,9000000,2016,0.5,110,Nh?t B?n ,40000,H?t th?i h?n ,Ch°nh ch? ,??ng Nai
Honda,113,12.9,??,2022,Air Blade,Tay ga,Honda Air Blade 2022,34500000,2022,0.9,125,Nh?t B?n,7979,H?ng,Ch°nh ch?,??k L?k
Honda ,99,8.3,?en ,2013,Wave ,Xe s? ,Honda Wave S 110,6300000,2013,0.5,110,Nh?t B?n ,10000,H?t th?i h?n ,Khìng ch°nh ch? ,H? Ch° Minh 
Yamaha,117,15.2,?? ,2019,Exciter,Cìn tay,Yamaha Exciter 2019,30000000,2019,0.7,150,Nh?t B?n,23000,H?ng,Ch°nh ch?,Ninh Thu?n
Yamaha,100,8.1,Tr?ng,2020,Grande,Tay ga,Yamaha Grande 2020,39000000,2020,0.9,125,Nh?t B?n,6000,H?ng,Ch°nh ch?,C?n Th?
Honda ,111,10.9,?? ,2012,Air Blade ,Tay ga ,Honda Air Blade 125 2012,10500000,2012,0.5,125,Nh?t B?n ,30,H?t th?i h?n ,Khìng ch°nh ch? ,C?n Th? 
Piaggio ,120,10.6,Tr?ng ,2022,Sprint ,Tay ga ,Vespa Sprint 2022,72900000,2022,0.9,124.5,Vi?t Nam ,2200,H?ng ,Ch°nh ch? ,H? Ch° Minh 
Yamaha,119,17.7,Xanh ,2020,Exciter,Cìn tay,Exciter 150,29800000,2022,0.99,175,Vià?t Nam,12000,Ha?ng,Chi?nh chu?,Hì? Chi? Minh
Honda,113,12.9,Tr?ng,2022,Air Blade,Tay ga,Honda Air Blade 2022,36000000,2022,0.95,124.8,?,6700,H?ng,Khìng ch°nh ch?,HÖ N?i
Suzuki,109,18.2,?? ,2018,Raider,Cìn tay,Suzuki Raider 150Fi,20500000,2018,0.75,150,?,56000,H?ng,Ch°nh ch?,B?n Tre
Honda,96,8.8,Xanh,2021,Vision,Tay ga,Honda Vision 2021,27800000,2021,0.8,110,Vi?t Nam,10,H?ng,Ch°nh ch?,H? Ch° Minh
Piaggio,116,10.1,?en ,2013,Liberty,Tay ga,LIBERTY 2013,11300000,2013,0.4,124,?,?,H?t th?i h?n,Khìng ch°nh ch?,H? Ch° Minh
Honda,113,11.26,??,2019,Air Blade,Tay ga,Honda Air Blade 2019,23500000,2019,0.6,125,Nh?t B?n,25000,H?ng,Ch°nh ch?,Ti?n Giang
Yamaha,96,8.7,??,2017,Sirius,Xe s?,Yamaha Sirius RC FI 2017,11500000,2017,0.7,115,?,12000,H?t th?i h?n,Khìng chi?nh chu?,H? Ch° Minh
Yamaha,99,8.7,?o? ,2018,Sirius,Xe s?,Yamaha Sirius Fi 2018,8800000,2018,0.8,115,?,8000,H?ng,Chi?nh chu?, HÖ N?i
Honda ,113,11,Xanh ,2013,Air Blade ,Tay ga ,Honda Air Blade 2013,18500000,2013,0.6,124.8,Vi?t Nam ,23000,H?t th?i h?n ,Khìng ch°nh ch? ,??ng Nai 
Honda,112,12.4,?en,2021,Vario,Tay ga,Honda Vario 2021,36500000,2021,0.9,150,Nh?t B?n,1,H?ng,Ch°nh ch?,??ng Nai
Honda ,122,15.9,?? ,2017,Winner,Cìn tay ,Honda Winner 150 2017,18800000,2017,0.7,150,Nh?t B?n ,25000,H?t th?i h?n ,Ch°nh ch? ,H? Ch° Minh 
Honda,113,12.9,?en,2021,Air Blade,Tay ga,Honda Air Blade 2021,33500000,2021,0.9,125,Vi?t Nam,15,H?ng,Ch°nh ch?,Bçnh D??ng
Honda ,98,9.3,Xanh ,2023,Cub ,Xe s? ,Honda Super Cub C125 2023,88000000,2023,0.95,123.9,Th†i Lan ,400,H?ng ,Khìng ch°nh ch? ,H? Ch° Minh 
Yamaha,81,3.6,X†m,2019,Sirius,Xe s?,Sirius ,7500000,2019,0.85,"49,95",Vi?t Nam,8000,H?ng,Chi?nh chu?,HÖ N?i
Honda,98,8.2,Xanh,2013,Wave A,Xe s?,Honda Wave Alpha,9700000,2013,0.6,100,?,12379,H?t th?i h?n,Ch°nh ch?,Bçnh D??ng
Honda,112,11,?en,2020,Vario,Tay ga,Vario 125 2020,28800000,2020,0.9,125,Nh?t B?n,23000,H?ng,Ch°nh ch?,H? Ch° Minh
Piaggio ,120,10.6,?? ,2020,Primavera,Tay ga ,Vespa Primavera 125 ABS,58000000,2020,0.8,124.5,Vi?t Nam ,8000,H?ng ,Khìng ch°nh ch? ,H? Ch° Minh 
Piaggio,116,10.3,Xanh ,2013,Liberty,Tay ga,Piaggio Liberty 125 S ie,8800000,2013,0.8,125, Vi?t Nam,8000,H?ng,?, HÖ N?i
Honda,112,8.84,??,2020,Vario,Tay ga,Honda Vario 2020,39000000,2020,0.8,150,Nh?t B?n,7979,H?ng,Ch°nh ch?,??k L?k
Honda ,100,6.8,?? ,2008,Wave ,Xe s? ,Honda Wave 2008,11500000,2008,0.4,97,Vi?t Nam ,1,H?t th?i h?n ,Khìng ch°nh ch? ,H? Ch° Minh 
Honda ,109,12.4,Xanh ,2017,Vario ,Tay ga ,Honda Vario 150 2017,55000000,2017,0.8,150,Nh?t B?n ,?,H?t th?i h?n ,Ch°nh ch? ,H? Ch° Minh 
SYM,84,2.8,?en,2020,Galaxy,Xe s?,Sym Galaxy 2020,13500000,2020,0.85,50,?Öi Loan,13,H?ng,Ch°nh ch?,C?n Th?
Honda,106,9.15,?en,2022,Future,Xe s?,Honda Future 2022,28500000,2022,0.9,125,Nh?t B?n,1,H?ng,Ch°nh ch?,??ng Nai
Suzuki,109,18.2,?en ,2020,Raider,Cìn tay,Yamaha Raider 2020,23500000,2020,0.6,175,Nh?t B?n,20000,H?ng,Ch°nh ch?,?Ö N?ng
Piaggio,120,10.6,Hì?ng,2017,Vespa,Tay ga,Sprint 125 Iget Abs,55000000,2017,0.9,125,?,8000,H?ng,Chi?nh chu?,Hì? Chi? Minh
Honda,113,11.3,?en,2019,Air Blade,Tay ga,Honda Air Blade 2019,28500000,2019,0.7,125,Vi?t Nam,21000,H?ng,Ch°nh ch?,?Ö N?ng
Yamaha,97,9.6,Tr?ng,2017,Janus,Tay ga,Yamaha Janus 2017 Standard,9600000,2017,0.7,175,?,1235,H?ng,Chi?nh chu?,Bà?n Tre
Yamaha ,115,15.4,Xanh ,2017,Exciter ,Cìn tay,Yamaha Exciter 150 ,14300000,2017,0.7,149.8,Nh?t B?n ,30000,H?t th?i h?n ,Khìng ch°nh ch? ,H? Ch° Minh 
Honda,104,9.2,Tr?ng,2012,Wave,Xe s?,Honda Future Neo ,8500000,2012,0.6,125,Nh?t B?n,1156,H?t th?i h?n,Khìng ch°nh ch?,V?ng TÖu
Honda,113,11.3,?o?,2016,Lead,Tay ga,Honda LEAD Fi 2016,16000000,2016,0.8,125, Vi?t Nam,26666,H?ng,Chi?nh chu?,Bà??n Tre
SYM,95,2.78,?? ,2019,Elegant,Xe s?,SYM Elegant 2019,10300000,2019,0.7,50,Vi?t Nam,12000,H?ng,Ch°nh Ch?,??ng Nai
Yamaha,117,15.2,Xanh ,2020,Exciter,Cìn tay,Yamaha Exciter 150 2020,22500000,2020,0.8,150,?,4000,H?ng,Ch°nh ch?,HÖ N?i
Honda,97,8.9,?en ,2018,Vision,Tay ga,Honda Vision 2018,20500000,2018,0.85,110,Nh?t B?n,1,H?ng,Ch°nh ch?,??ng Nai
Honda,118,25.9,?en ,2019,SHi, Tay ga,SH 300i AIR FORCE ONE  ,299000000,2019,0.7,300,?,13900,H?ng,Chi?nh chu?,H? Ch° Minh
Honda,102,8.85,?o?,2017,Vision,Tay ga,Vision 2017,23800000,2017,0.85,?,?,12345,H?ng,Chi?nh chu?,Hì? Chi? Minh
Yamaha,116,15.4,X†m,2022,NVX,Tay ga,Yamaha NVX 155,38800000,2022,0.8,155,Nh?t B?n,2300,H?ng,Ch°nh ch?,HÖ N?i
Honda,130,14.4,VÖng ,2015,PCX ,Tay ga ,Honda PCX 150,21500000,2015,0.6,157,Vi?t Nam ,76000,H?t th?i h?n ,Ch°nh ch? ,?Ö N?ng 
Honda,96,8.8,?? ,2022,Vision,Tay ga,Honda Vision 2022,30500000,2022,0.85,110,Nh?t B?n,4000,H?ng,Ch°nh ch?,?Ö N?ng
Piaggio ,116,11.7,Tr?ng,2015,Liberty ,Tay ga ,Piaggio Liberty 2015,5800000,2015,0.8,124.5,Vi?t Nam ,20000,H?t th?i h?n ,Khìng ch°nh ch? ,HÖ N?i 
